bib_key,artifact_view,application_view
Text_PersonasToPlot2026,true,true
Text_ComedyClub2026,true,true
Text_OpenMic2026,true,true
Text_Constella2025,true,true
Text_BookWorld2025,true,true
Text_CreAgentive2025,true,true
Text_StoryBox2025,true,true
Text_AgentCTG2025,true,false
Text_MADS2025,true,true
Data_PAMEAI2025,true,true
Text_DIAGPaper2026,true,true
Report_DeepResearchAgent2026,true,true
Text_PaperDebugger2025,true,true
Text_MARG2024,true,true
Text_ResearchAgent2024,true,true
Text_AIScientist2024,true,true
Text_STORM2024,true,true
DataVis_MultiVisAgent2026,true,true
DataViz_PlotGen2025,true,true
DataViz_A2PVis2025,true,true
DataViz_CoDA2025,true,true
Data_DataWink2025,true,true
Diagram_EvoDiagram2026,true,false
Diagram_GenAIDrawIOCreator2026,true,false
Image_PaperBanana2026,true,true
Hardware_PCBSchemaGen2026,true,true
Diagram_SAGEGraphEditing2026,true,true
Diagram_SciFig2026,true,true
Diagram_SciFlowBench2026,true,true
Image_AutoFigure2026,true,true
Image_PixelsToPaths2025,true,true
Diagram_Text2Diagram2024,true,false
Diagram_SketchAgent2025,true,false
Image_AgentBanana2026,true,true
Image_AgenticRetoucher2026,true,true
Image_CAMEO2026,true,false
Image_CanvasAgent2026,true,true
Image_GraphicBench2025,true,true
Image_MirrorAd2025,true,true
Image_SketchAgent2025,true,true
Marketing_BannerAgency2025,true,true
Image_T2ICopilot2025,true,true
Poster_AutoPP2026,true,true
Poster_PosterForest2025,true,true
Poster_P2P2025,true,true
Poster_Paper2Poster2025,true,true
Slide_DECKBench2026,true,true
Slide_ArcDeck2026,true,true
Slide_SlidesGenBench2026,true,false
Slide_SlideBot2026,true,true
Slide_AutoSlides2025,true,true
Slide_PPTAgent2025,true,false
Slide_SlideGen2025,true,true
Music_Libretto2026,true,true
Music_CoComposer2025,true,true
Music_MusicSwarm2025,true,true
Music_WeaveMuse2025,true,true
Audio_AudioRAGPlus2026,true,true
Audio_LVASAgent2025,true,true
Audio_WavCraft2024,true,true
Video_BeyondE2E2026,true,true
Animation_ManimAgent2026,true,true
Video_Code2Video2025,true,true
Video_Paper2Video2025,true,true
Video_EventGraphs2026,true,true
Video_MUSE2026,true,true
Video_HAMLET2026,true,true
Video_LongVideo2025,true,true
Video_GenMAC2024,true,true
Video_BrandFusion2026,true,true
Video_AutoMV2025,true,true
Video_PersonaVlog2025,true,true
Video_GLANCE2026,true,true
Video_StoryBlender2026,true,true
Video_VideoMemory2026,true,true
Video_FantasyHSI2025,true,true
Video_ShotsStories2025,true,true
Video_UniVA2025,true,true
Video_VideoAgentSci2025,true,true
Video_VISTA2025,true,true
D3_EditDuet2025,true,true
Video_AnimAgents2025,false,true
Video_AniMaker2025,true,true
Video_AniME2025,true,true
Animation_MapStory2025,true,true
Animation_CoMA2024,true,true
D3_LL3M2025,true,true
D3_SmartAvatar2025,true,true
3D_ShapeCraft2025,true,true
D3_Code2Worlds2026,true,true
D3_MUSEAuthoring2026,true,false
3D_SAGE2026,true,true
3D_SceneSmith2026,true,true
D3_Agentic3DSceneGen2025,true,true
3D_RAISECity2025,true,true
3D_RoomPlanner2025,true,false
D3_WorldCraft2025,true,true
D3_Scenethesis2025,true,true
CAD_ArtisanCAD2026,true,true
CAD_TurboAgent2026,true,true
D3_3Dify2025,true,true
CAD_CADDesigner2025,true,true
CAD_FreeCADLLM2025,true,true
CAD_SeekCAD2025,true,true
D3_Sketch2BIM2025,true,true
Workflow_ComfySearch2026,true,true
Code_ARC2026,true,false
Code_CodeCRDT2025,true,false
Code_Paper2Agent2025,true,true
Code_CodeAgent2024,true,false
Code_AgentCoder2024,true,false
UI_Vision2Web2026,true,false
Code_VisionRefine2026,true,false
UI_DuetUI2026,true,false
UI_ComputerUse2025,true,false
UI_DashChat2025,true,true
Code_WebGenAgent2025,true,false
Code_WebVIA2025,true,false
Game_OpenGame2026,true,true
Game_ProxyWar2026,true,true
Game_ZeroCode3D2025,true,true
Game_MultiAgentGameGen2025,true,true
Game_Story2Game2025,true,true
CAD_CADIR2026,true,true
CAD_SPADA2026,true,true
DataViz_LightVA2024,true,true
Data_CanLLMsIdentifyLimitations2025,true,true
Data_DatawiseAgent2025,true,true
Data_Jupybara2025,true,true
Drug_DrugAgent2024,true,true
Education_EduAgentQG2025,true,true
Education_GoalOrientedLearning2025,true,true
Education_DeepTutor2026,true,true
Game_CreatorCentric2026,true,true
Laboratory_AutonomousLaboratory2026,false,true
Molecular_ChemCRAFT2026,false,true
Robot_Debate2Create2025,true,true
Sci_AgenticTCAD2025,true,true
Sci_ClosedLoopDiscovery2026,false,true
Sci_Robin2026,false,true
Sci_IdeaSynth2025,true,true
Sci_Queryome2025,true,true
Simulation_AgenticReal2Sim2026,true,true
Simulation_CodingAgentWorldSimulator2026,true,true
Simulation_SOCIANabla2025,true,true
Simulation_SelfReflection2026,true,true
Simulation_Sketch2Sim2026,true,true
Video_StoryAgent2024,true,true
Website_AutoWebWorld2026,true,true
Website_InfiniteWeb2026,true,true
Workflow_ResearchStudioReel2026,false,true
WorldModel_Agent2World2025,true,true
WorldModel_AgentWorldModel2026,true,true
WorldModel_CodeWorldModels2025,true,false
WorldModel_LingBotWorld2_2026,true,true
Code_CodeChain2024,true,true
Code_L2MAC2024,true,true
Code_SWEBench2024,true,true
Code_AFlow2025,true,true
Code_ADAS2025,true,true
Code_Flow2025,true,false
Code_SWESearch2025,true,true
Code_EvoMAC2025,true,true
Code_ScienceAgentBench2025,true,true
Presentation_EvoPresent2026,true,true
Code_ReVeal2026,true,true
D3_PhyScensis2026,true,true
Image_FaSTA2026,true,true
D3_SceneCraft2024,true,true
Code_DSAgent2024,true,true
Code_MLAgentBench2024,true,true
Code_AutoMLAgent2025,true,true
Code_PaperBench2025,true,true
Code_PatchPilot2025,true,true
Text_FormAct2026,true,true
Poster_PosterAgent2026,true,true
UI_UI2CodeN2026,true,true
Website_FullStackAgent2026,true,true
Code_NEMO2026,true,true
Code_MARS2026,true,true
DataViz_DVWorld2026,true,true
Game_GameDevBench2026,true,true
Code_InterCode2023,true,true
Text_AutoManual2024,true,true
Code_SWEAgent2024,true,true
Simulation_WorldCoder2024,true,true
Image_GenArtist2024,true,true
Code_INDICT2024,true,true
Image_4KAgent2025,true,false
Image_CREA2025,true,true
Code_LessonsLearned2025,true,true
Code_RFAgent2025,true,true
D3_SceneWeaver2025,true,true
Text_MLRBench2025,true,true
Code_Cognify2025,true,false
Code_ToolSQL2025,true,false
D3_MapAgent2026,true,true
Text_ProfiliTable2026,true,true
Web_ComUICoder2026,true,true
Web_ProductWebGen2026,true,true
Text_SheetAgent2025,true,true
Code_ReFuGe2026,true,false
Report_LateralReader2026,true,false
Code_RUCACoder2026,true,true
Video_ATVG2026,true,true
Text_SurGE2026,true,true
Report_DRAGUNResources2026,true,false
Web_WebCode2M2025,true,true
Video_RLVideoEditing2023,true,true
D3_IIDRS2023,true,true
Image_CompositionalNeuralPainter2023,true,true
Image_DualAgentSketching2024,true,true
Code_DeFine2024,true,true
D3_Edit3D2024,true,true
D3_iControl3D2024,true,true
Image_GRefine2024,true,true
Image_CEARI2025,true,false
Video_Gen4Track2025,true,true
Audio_AudioGenie2025,true,true
Animation_ParticleGen2026,true,true
Audio_SoundscapeAgent2026,true,true
Code_BackendForge2026,true,true
Code_CodeFlowBench2026,true,true
Code_NL2RepoBench2026,true,true
Code_WebDesignIter2026,true,true
D3_WorldAgents2026,true,true
Diagram_Crafter2026,true,true
Image_DrawAI2026,true,false
Image_ReDesign2026,true,true
Infrastructure_JarvisHub2026,false,true
LogicEnvGen2025,true,true
Music_RIME2026,true,true
Poster_PosterMELD2026,true,true
Spatial_AgenticDesigner2026,true,true
Text_MrDre2026,true,true
Video_FilmWorld2026,true,true
Video_PhysAgent2026,true,true
Video_VideoCoCo2026,true,true
DRACO2025,true,true
Audio_AudioOscar2026,true,true
Video_PhyT2V2025,true,true
Image_UniEditI2026,true,true
Image_MultiTurnConsistent2025,true,true
Image_Idea2Img2024,true,true
D3_DreamScene3602024,true,true
D3_ChatEdit3D2024,true,true
Code_MapCoder2024,true,true
D3_SceneGenAgent2025,true,true
DataViz_AMACE2025,true,true
Code_CodeTree2025,true,true
Image_CultureTRIP2025,true,true
Text_MCQGSRefine2025,true,true
Animation_LogoMotion2025,true,true
Game_DreamGarden2025,true,true
DataViz_DataFormulator2_2025,true,true
Image_APPO2026,true,true
Poster_AutoDesign2026,true,true
